Number,Atom1,Atom2,Atom3,Atom4,Torsion
1,C5,Si1,O1,C4,-93.2
2,O1B,Si1,O1,C4,87
3,O1T,Si1,O1,C4,164.4
4,O1V,Si1,O1,C4,10.1
5,Si1,O1,C4,C3,170.1
6,Si1,O1,C4,C4V,-7.7
7,C3,C2,C1,H1,-35
8,C3,C2,C1,H2,-152.2
9,C3,C2,C1,C2P,86(1)
10,C2V,C2,C1,H1,148
11,C2V,C2,C1,H2,31
12,C2V,C2,C1,C2P,-91(1)
13,H3,C3,C2,C1,8
14,H3,C3,C2,C2V,-175
15,C4,C3,C2,C1,-172.0(9)
16,C4,C3,C2,C2V,5(2)
17,O1,C4,C3,C2,177.4(9)
18,O1,C4,C3,H3,-3
19,C4V,C4,C3,C2,-5(1)
20,C4V,C4,C3,H3,175.1
21,C6,C5,Si1,O1,-22
22,C6,C5,Si1,O1B,158
23,C6,C5,Si1,O1T,66
24,C6,C5,Si1,O1V,-114
25,C6B,C5,Si1,O1,158
26,C6B,C5,Si1,O1B,-22
27,C6B,C5,Si1,O1T,-114
28,C6B,C5,Si1,O1V,66
29,C6T,C5,Si1,O1,-66
30,C6T,C5,Si1,O1B,114
31,C6T,C5,Si1,O1T,22
32,C6T,C5,Si1,O1V,-158
33,C6V,C5,Si1,O1,114
34,C6V,C5,Si1,O1B,-66
35,C6V,C5,Si1,O1T,-158
36,C6V,C5,Si1,O1V,22
37,H4,C6,C5,Si1,-0
38,H4,C6,C5,C6B,180
39,H4,C6,C5,C6T,101
40,H4,C6,C5,C6V,-140
41,C8,C6,C5,Si1,180
42,C8,C6,C5,C6B,-0
43,C8,C6,C5,C6T,-79
44,C8,C6,C5,C6V,40
45,H6,C8,C6,C5,-179
46,H6,C8,C6,H4,0
47,C7,C8,C6,C5,0
48,C7,C8,C6,H4,-180
49,C4B,O1B,Si1,O1,87
50,C4B,O1B,Si1,C5,-93.2
51,C4B,O1B,Si1,O1T,10.1
52,C4B,O1B,Si1,O1V,164.4
53,C3B,C2B,C1B,H1B,-35
54,C3B,C2B,C1B,H2B,-152.2
55,C3B,C2B,C1B,C2Q,86(1)
56,C2T,C2B,C1B,H1B,148
57,C2T,C2B,C1B,H2B,31
58,C2T,C2B,C1B,C2Q,-91(1)
59,H3B,C3B,C2B,C1B,8
60,H3B,C3B,C2B,C2T,-175
61,C4B,C3B,C2B,C1B,-172.0(9)
62,C4B,C3B,C2B,C2T,5(2)
63,C4T,C4B,O1B,Si1,-7.7
64,C3B,C4B,O1B,Si1,170.1
65,H4B,C6B,C5,Si1,-0
66,H4B,C6B,C5,C6,180
67,H4B,C6B,C5,C6T,-140
68,H4B,C6B,C5,C6V,101
69,C8B,C6B,C5,Si1,180
70,C8B,C6B,C5,C6,-0
71,C8B,C6B,C5,C6T,40
72,C8B,C6B,C5,C6V,-79
73,H6B,C8B,C7,H5,-0
74,H6B,C8B,C7,C8T,142
75,H6B,C8B,C7,C8V,-103
76,H6B,C8B,C7,C8,180
77,C6B,C8B,C7,H5,180
78,C6B,C8B,C7,C8T,-38
79,C6B,C8B,C7,C8V,77
80,C6B,C8B,C7,C8,-0
81,C5D,Si1D,O1P,C4P,93.2
82,O1D,Si1D,O1P,C4P,-164.4
83,O1F,Si1D,O1P,C4P,-10.1
84,O1R,Si1D,O1P,C4P,-87
85,Si1D,O1P,C4P,C3P,-170.1
86,Si1D,O1P,C4P,C4F,7.7
87,C3P,C2P,C1,H1,35
88,C3P,C2P,C1,H2,152.2
89,C3P,C2P,C1,C2,-86(1)
90,C2F,C2P,C1,H1,-148
91,C2F,C2P,C1,H2,-31
92,C2F,C2P,C1,C2,91(1)
93,H3P,C3P,C2P,C1,-8
94,H3P,C3P,C2P,C2F,175
95,C4P,C3P,C2P,C1,172.0(9)
96,C4P,C3P,C2P,C2F,-5(2)
97,O1P,C4P,C3P,C2P,-177.4(9)
98,O1P,C4P,C3P,H3P,3
99,C4F,C4P,C3P,C2P,5(1)
100,C4F,C4P,C3P,H3P,-175.1
101,C6P,C5D,Si1D,O1P,22
102,C6P,C5D,Si1D,O1D,-66
103,C6P,C5D,Si1D,O1F,114
104,C6P,C5D,Si1D,O1R,-158
105,C6D,C5D,Si1D,O1P,66
106,C6D,C5D,Si1D,O1D,-22
107,C6D,C5D,Si1D,O1F,158
108,C6D,C5D,Si1D,O1R,-114
109,C6F,C5D,Si1D,O1P,-114
110,C6F,C5D,Si1D,O1D,158
111,C6F,C5D,Si1D,O1F,-22
112,C6F,C5D,Si1D,O1R,66
113,C6R,C5D,Si1D,O1P,-158
114,C6R,C5D,Si1D,O1D,114
115,C6R,C5D,Si1D,O1F,-66
116,C6R,C5D,Si1D,O1R,22
117,H4P,C6P,C5D,Si1D,0
118,H4P,C6P,C5D,C6D,-101
119,H4P,C6P,C5D,C6F,140
120,H4P,C6P,C5D,C6R,-180
121,C8P,C6P,C5D,Si1D,-180
122,C8P,C6P,C5D,C6D,79
123,C8P,C6P,C5D,C6F,-40
124,C8P,C6P,C5D,C6R,0
125,H6P,C8P,C6P,C5D,179
126,H6P,C8P,C6P,H4P,-0
127,C7D,C8P,C6P,C5D,-0
128,C7D,C8P,C6P,H4P,180
129,C4T,O1T,Si1,O1,-164.4
130,C4T,O1T,Si1,C5,93.2
131,C4T,O1T,Si1,O1B,-10.1
132,C4T,O1T,Si1,O1V,-87
133,C3T,C2T,C2B,C1B,177(1)
134,C3T,C2T,C2B,C3B,-0(2)
135,C1H,C2T,C2B,C1B,0(2)
136,C1H,C2T,C2B,C3B,-177(1)
137,H3T,C3T,C2T,C2B,175
138,H3T,C3T,C2T,C1H,-8
139,C4T,C3T,C2T,C2B,-5(2)
140,C4T,C3T,C2T,C1H,172.0(9)
141,O1T,C4T,C4B,O1B,0(1)
142,O1T,C4T,C4B,C3B,-178.1(8)
143,C3T,C4T,C4B,O1B,178.1(8)
144,C3T,C4T,C4B,C3B,-0(1)
145,H4T,C6T,C5,Si1,0
146,H4T,C6T,C5,C6,-101
147,H4T,C6T,C5,C6B,140
148,H4T,C6T,C5,C6V,-180
149,C8T,C6T,C5,Si1,-180
150,C8T,C6T,C5,C6,79
151,C8T,C6T,C5,C6B,-40
152,C8T,C6T,C5,C6V,0
153,H6T,C8T,C7,H5,0
154,H6T,C8T,C7,C8B,-142
155,H6T,C8T,C7,C8V,-180
156,H6T,C8T,C7,C8,103
157,C6T,C8T,C7,H5,-180
158,C6T,C8T,C7,C8B,38
159,C6T,C8T,C7,C8V,0
160,C6T,C8T,C7,C8,-77
161,C4V,O1V,Si1,O1,-10.1
162,C4V,O1V,Si1,C5,93.2
163,C4V,O1V,Si1,O1B,-164.4
164,C4V,O1V,Si1,O1T,-87
165,C3V,C2V,C2,C1,177(1)
166,C3V,C2V,C2,C3,0(2)
167,C1I,C2V,C2,C1,-0(2)
168,C1I,C2V,C2,C3,-177(1)
169,H3V,C3V,C2V,C2,175
170,H3V,C3V,C2V,C1I,-8
171,C4V,C3V,C2V,C2,-5(2)
172,C4V,C3V,C2V,C1I,172.0(9)
173,O1V,C4V,C4,O1,-0(1)
174,O1V,C4V,C4,C3,-178.1(8)
175,C3V,C4V,C4,O1,178.1(8)
176,C3V,C4V,C4,C3,0(1)
177,H4V,C6V,C5,Si1,0
178,H4V,C6V,C5,C6,140
179,H4V,C6V,C5,C6B,-101
180,H4V,C6V,C5,C6T,-180
181,C8V,C6V,C5,Si1,-180
182,C8V,C6V,C5,C6,-40
183,C8V,C6V,C5,C6B,79
184,C8V,C6V,C5,C6T,0
185,H6V,C8V,C7,H5,0
186,H6V,C8V,C7,C8B,103
187,H6V,C8V,C7,C8T,-180
188,H6V,C8V,C7,C8,-142
189,C6V,C8V,C7,H5,-180
190,C6V,C8V,C7,C8B,-77
191,C6V,C8V,C7,C8T,0
192,C6V,C8V,C7,C8,38
193,C4D,O1D,Si1D,O1P,164.4
194,C4D,O1D,Si1D,C5D,-93.2
195,C4D,O1D,Si1D,O1F,87
196,C4D,O1D,Si1D,O1R,10.1
197,C3D,C2D,C1D,H1D,-35
198,C3D,C2D,C1D,H2D,-152.2
199,C3D,C2D,C1D,C2L,86(1)
200,C2R,C2D,C1D,H1D,148
201,C2R,C2D,C1D,H2D,31
202,C2R,C2D,C1D,C2L,-91(1)
203,H3D,C3D,C2D,C1D,8
204,H3D,C3D,C2D,C2R,-175
205,C4D,C3D,C2D,C1D,-172.0(9)
206,C4D,C3D,C2D,C2R,5(2)
207,C4R,C4D,O1D,Si1D,-7.7
208,C3D,C4D,O1D,Si1D,170.1
209,H4D,C6D,C5D,Si1D,-0
210,H4D,C6D,C5D,C6P,101
211,H4D,C6D,C5D,C6F,180
212,H4D,C6D,C5D,C6R,-140
213,C8D,C6D,C5D,Si1D,180
214,C8D,C6D,C5D,C6P,-79
215,C8D,C6D,C5D,C6F,-0
216,C8D,C6D,C5D,C6R,40
217,H6D,C8D,C7D,H5D,-0
218,H6D,C8D,C7D,C8F,180
219,H6D,C8D,C7D,C8R,142
220,H6D,C8D,C7D,C8P,-103
221,C6D,C8D,C7D,H5D,180
222,C6D,C8D,C7D,C8F,-0
223,C6D,C8D,C7D,C8R,-38
224,C6D,C8D,C7D,C8P,77
225,C4F,O1F,Si1D,O1P,10.1
226,C4F,O1F,Si1D,C5D,-93.2
227,C4F,O1F,Si1D,O1D,87
228,C4F,O1F,Si1D,O1R,164.4
229,C3F,C2F,C2P,C1,-177(1)
230,C3F,C2F,C2P,C3P,-0(2)
231,C1F,C2F,C2P,C1,0(2)
232,C1F,C2F,C2P,C3P,177(1)
233,H3F,C3F,C2F,C2P,-175
234,H3F,C3F,C2F,C1F,8
235,C4F,C3F,C2F,C2P,5(2)
236,C4F,C3F,C2F,C1F,-172.0(9)
237,O1F,C4F,C4P,O1P,0(1)
238,O1F,C4F,C4P,C3P,178.1(8)
239,C3F,C4F,C4P,O1P,-178.1(8)
240,C3F,C4F,C4P,C3P,-0(1)
241,H4F,C6F,C5D,Si1D,-0
242,H4F,C6F,C5D,C6P,-140
243,H4F,C6F,C5D,C6D,180
244,H4F,C6F,C5D,C6R,101
245,C8F,C6F,C5D,Si1D,180
246,C8F,C6F,C5D,C6P,40
247,C8F,C6F,C5D,C6D,-0
248,C8F,C6F,C5D,C6R,-79
249,H6F,C8F,C7D,H5D,-0
250,H6F,C8F,C7D,C8D,180
251,H6F,C8F,C7D,C8R,-103
252,H6F,C8F,C7D,C8P,142
253,C6F,C8F,C7D,H5D,180
254,C6F,C8F,C7D,C8D,-0
255,C6F,C8F,C7D,C8R,77
256,C6F,C8F,C7D,C8P,-38
257,C5H,Si1H,O1H,C4H,-93.2
258,O1J,Si1H,O1H,C4H,87
259,O1L,Si1H,O1H,C4H,164.4
260,O1N,Si1H,O1H,C4H,10.1
261,Si1H,O1H,C4H,C3H,170.1
262,Si1H,O1H,C4H,C4N,-7.7
263,C3H,C2H,C1H,H1H,-35
264,C3H,C2H,C1H,H2H,-152.2
265,C3H,C2H,C1H,C2T,86(1)
266,C2N,C2H,C1H,H1H,148
267,C2N,C2H,C1H,H2H,31
268,C2N,C2H,C1H,C2T,-91(1)
269,H3H,C3H,C2H,C1H,8
270,H3H,C3H,C2H,C2N,-175
271,C4H,C3H,C2H,C1H,-172.0(9)
272,C4H,C3H,C2H,C2N,5(2)
273,O1H,C4H,C3H,C2H,177.4(9)
274,O1H,C4H,C3H,H3H,-3
275,C4N,C4H,C3H,C2H,-5(1)
276,C4N,C4H,C3H,H3H,175.1
277,C6H,C5H,Si1H,O1H,-22
278,C6H,C5H,Si1H,O1J,158
279,C6H,C5H,Si1H,O1L,66
280,C6H,C5H,Si1H,O1N,-114
281,C6J,C5H,Si1H,O1H,158
282,C6J,C5H,Si1H,O1J,-22
283,C6J,C5H,Si1H,O1L,-114
284,C6J,C5H,Si1H,O1N,66
285,C6L,C5H,Si1H,O1H,-66
286,C6L,C5H,Si1H,O1J,114
287,C6L,C5H,Si1H,O1L,22
288,C6L,C5H,Si1H,O1N,-158
289,C6N,C5H,Si1H,O1H,114
290,C6N,C5H,Si1H,O1J,-66
291,C6N,C5H,Si1H,O1L,-158
292,C6N,C5H,Si1H,O1N,22
293,H4H,C6H,C5H,Si1H,-0
294,H4H,C6H,C5H,C6J,180
295,H4H,C6H,C5H,C6L,101
296,H4H,C6H,C5H,C6N,-140
297,C8H,C6H,C5H,Si1H,180
298,C8H,C6H,C5H,C6J,-0
299,C8H,C6H,C5H,C6L,-79
300,C8H,C6H,C5H,C6N,40
301,H6H,C8H,C6H,C5H,-179
302,H6H,C8H,C6H,H4H,0
303,C7H,C8H,C6H,C5H,0
304,C7H,C8H,C6H,H4H,-180
305,C5I,Si1I,O1I,C4I,-93.2
306,O1K,Si1I,O1I,C4I,87
307,O1M,Si1I,O1I,C4I,10.1
308,O1O,Si1I,O1I,C4I,164.4
309,Si1I,O1I,C4I,C3I,170.1
310,Si1I,O1I,C4I,C4M,-7.7
311,C3I,C2I,C1I,H1I,-35
312,C3I,C2I,C1I,H2I,-152.2
313,C3I,C2I,C1I,C2V,86(1)
314,C2M,C2I,C1I,H1I,148
315,C2M,C2I,C1I,H2I,31
316,C2M,C2I,C1I,C2V,-91(1)
317,H3I,C3I,C2I,C1I,8
318,H3I,C3I,C2I,C2M,-175
319,C4I,C3I,C2I,C1I,-172.0(9)
320,C4I,C3I,C2I,C2M,5(2)
321,O1I,C4I,C3I,C2I,177.4(9)
322,O1I,C4I,C3I,H3I,-3
323,C4M,C4I,C3I,C2I,-5(1)
324,C4M,C4I,C3I,H3I,175.1
325,C6I,C5I,Si1I,O1I,-22
326,C6I,C5I,Si1I,O1K,158
327,C6I,C5I,Si1I,O1M,-114
328,C6I,C5I,Si1I,O1O,66
329,C6K,C5I,Si1I,O1I,158
330,C6K,C5I,Si1I,O1K,-22
331,C6K,C5I,Si1I,O1M,66
332,C6K,C5I,Si1I,O1O,-114
333,C6M,C5I,Si1I,O1I,114
334,C6M,C5I,Si1I,O1K,-66
335,C6M,C5I,Si1I,O1M,22
336,C6M,C5I,Si1I,O1O,-158
337,C6O,C5I,Si1I,O1I,-66
338,C6O,C5I,Si1I,O1K,114
339,C6O,C5I,Si1I,O1M,-158
340,C6O,C5I,Si1I,O1O,22
341,H4I,C6I,C5I,Si1I,-0
342,H4I,C6I,C5I,C6K,180
343,H4I,C6I,C5I,C6M,-140
344,H4I,C6I,C5I,C6O,101
345,C8I,C6I,C5I,Si1I,180
346,C8I,C6I,C5I,C6K,-0
347,C8I,C6I,C5I,C6M,40
348,C8I,C6I,C5I,C6O,-79
349,H6I,C8I,C6I,C5I,-179
350,H6I,C8I,C6I,H4I,0
351,C7I,C8I,C6I,C5I,0
352,C7I,C8I,C6I,H4I,-180
353,C4J,O1J,Si1H,O1H,87
354,C4J,O1J,Si1H,C5H,-93.2
355,C4J,O1J,Si1H,O1L,10.1
356,C4J,O1J,Si1H,O1N,164.4
357,C3J,C2J,C1J,H1J,-35
358,C3J,C2J,C1J,H2J,-152.2
359,C3J,C2J,C1J,C2U,86(1)
360,C2L,C2J,C1J,H1J,148
361,C2L,C2J,C1J,H2J,31
362,C2L,C2J,C1J,C2U,-91(1)
363,H3J,C3J,C2J,C1J,8
364,H3J,C3J,C2J,C2L,-175
365,C4J,C3J,C2J,C1J,-172.0(9)
366,C4J,C3J,C2J,C2L,5(2)
367,C4L,C4J,O1J,Si1H,-7.7
368,C3J,C4J,O1J,Si1H,170.1
369,H4J,C6J,C5H,Si1H,-0
370,H4J,C6J,C5H,C6H,180
371,H4J,C6J,C5H,C6L,-140
372,H4J,C6J,C5H,C6N,101
373,C8J,C6J,C5H,Si1H,180
374,C8J,C6J,C5H,C6H,-0
375,C8J,C6J,C5H,C6L,40
376,C8J,C6J,C5H,C6N,-79
377,H6J,C8J,C7H,H5H,-0
378,H6J,C8J,C7H,C8L,142
379,H6J,C8J,C7H,C8N,-103
380,H6J,C8J,C7H,C8H,180
381,C6J,C8J,C7H,H5H,180
382,C6J,C8J,C7H,C8L,-38
383,C6J,C8J,C7H,C8N,77
384,C6J,C8J,C7H,C8H,-0
385,C4K,O1K,Si1I,O1I,87
386,C4K,O1K,Si1I,C5I,-93.2
387,C4K,O1K,Si1I,O1M,164.4
388,C4K,O1K,Si1I,O1O,10.1
389,C3K,C2K,C1K,H1K,-35
390,C3K,C2K,C1K,H2K,-152.2
391,C3K,C2K,C1K,C2W,86(1)
392,C2O,C2K,C1K,H1K,148
393,C2O,C2K,C1K,H2K,31
394,C2O,C2K,C1K,C2W,-91(1)
395,H3K,C3K,C2K,C1K,8
396,H3K,C3K,C2K,C2O,-175
397,C4K,C3K,C2K,C1K,-172.0(9)
398,C4K,C3K,C2K,C2O,5(2)
399,C4O,C4K,O1K,Si1I,-7.7
400,C3K,C4K,O1K,Si1I,170.1
401,H4K,C6K,C5I,Si1I,-0
402,H4K,C6K,C5I,C6I,180
403,H4K,C6K,C5I,C6M,101
404,H4K,C6K,C5I,C6O,-140
405,C8K,C6K,C5I,Si1I,180
406,C8K,C6K,C5I,C6I,-0
407,C8K,C6K,C5I,C6M,-79
408,C8K,C6K,C5I,C6O,40
409,H6K,C8K,C7I,H5I,-0
410,H6K,C8K,C7I,C8M,-103
411,H6K,C8K,C7I,C8O,142
412,H6K,C8K,C7I,C8I,180
413,C6K,C8K,C7I,H5I,180
414,C6K,C8K,C7I,C8M,77
415,C6K,C8K,C7I,C8O,-38
416,C6K,C8K,C7I,C8I,-0
417,C4L,O1L,Si1H,O1H,-164.4
418,C4L,O1L,Si1H,C5H,93.2
419,C4L,O1L,Si1H,O1J,-10.1
420,C4L,O1L,Si1H,O1N,-87
421,C3L,C2L,C1D,H1D,35
422,C3L,C2L,C1D,H2D,152.2
423,C3L,C2L,C1D,C2D,-86(1)
424,C2J,C2L,C1D,H1D,-148
425,C2J,C2L,C1D,H2D,-31
426,C2J,C2L,C1D,C2D,91(1)
427,H3L,C3L,C2L,C1D,-8
428,H3L,C3L,C2L,C2J,175
429,C4L,C3L,C2L,C1D,172.0(9)
430,C4L,C3L,C2L,C2J,-5(2)
431,O1L,C4L,C4J,O1J,0(1)
432,O1L,C4L,C4J,C3J,-178.1(8)
433,C3L,C4L,C4J,O1J,178.1(8)
434,C3L,C4L,C4J,C3J,-0(1)
435,H4L,C6L,C5H,Si1H,0
436,H4L,C6L,C5H,C6H,-101
437,H4L,C6L,C5H,C6J,140
438,H4L,C6L,C5H,C6N,-180
439,C8L,C6L,C5H,Si1H,-180
440,C8L,C6L,C5H,C6H,79
441,C8L,C6L,C5H,C6J,-40
442,C8L,C6L,C5H,C6N,0
443,H6L,C8L,C7H,H5H,0
444,H6L,C8L,C7H,C8J,-142
445,H6L,C8L,C7H,C8N,-180
446,H6L,C8L,C7H,C8H,103
447,C6L,C8L,C7H,H5H,-180
448,C6L,C8L,C7H,C8J,38
449,C6L,C8L,C7H,C8N,0
450,C6L,C8L,C7H,C8H,-77
451,C4M,O1M,Si1I,O1I,-10.1
452,C4M,O1M,Si1I,C5I,93.2
453,C4M,O1M,Si1I,O1K,-164.4
454,C4M,O1M,Si1I,O1O,-87
455,C3M,C2M,C1F,H1F,35
456,C3M,C2M,C1F,H2F,152.2
457,C3M,C2M,C1F,C2F,-86(1)
458,C2I,C2M,C1F,H1F,-148
459,C2I,C2M,C1F,H2F,-31
460,C2I,C2M,C1F,C2F,91(1)
461,H3M,C3M,C2M,C1F,-8
462,H3M,C3M,C2M,C2I,175
463,C4M,C3M,C2M,C1F,172.0(9)
464,C4M,C3M,C2M,C2I,-5(2)
465,O1M,C4M,C4I,O1I,0(1)
466,O1M,C4M,C4I,C3I,-178.1(8)
467,C3M,C4M,C4I,O1I,178.1(8)
468,C3M,C4M,C4I,C3I,0(1)
469,H4M,C6M,C5I,Si1I,0
470,H4M,C6M,C5I,C6I,140
471,H4M,C6M,C5I,C6K,-101
472,H4M,C6M,C5I,C6O,-180
473,C8M,C6M,C5I,Si1I,-180
474,C8M,C6M,C5I,C6I,-40
475,C8M,C6M,C5I,C6K,79
476,C8M,C6M,C5I,C6O,0
477,H6M,C8M,C7I,H5I,0
478,H6M,C8M,C7I,C8K,103
479,H6M,C8M,C7I,C8O,-180
480,H6M,C8M,C7I,C8I,-142
481,C6M,C8M,C7I,H5I,-180
482,C6M,C8M,C7I,C8K,-77
483,C6M,C8M,C7I,C8O,0
484,C6M,C8M,C7I,C8I,38
485,C4N,O1N,Si1H,O1H,-10.1
486,C4N,O1N,Si1H,C5H,93.2
487,C4N,O1N,Si1H,O1J,-164.4
488,C4N,O1N,Si1H,O1L,-87
489,C3N,C2N,C2H,C1H,177(1)
490,C3N,C2N,C2H,C3H,0(2)
491,C1E,C2N,C2H,C1H,-0(2)
492,C1E,C2N,C2H,C3H,-177(1)
493,H3N,C3N,C2N,C2H,175
494,H3N,C3N,C2N,C1E,-8
495,C4N,C3N,C2N,C2H,-5(2)
496,C4N,C3N,C2N,C1E,172.0(9)
497,O1N,C4N,C4H,O1H,-0(1)
498,O1N,C4N,C4H,C3H,-178.1(8)
499,C3N,C4N,C4H,O1H,178.1(8)
500,C3N,C4N,C4H,C3H,0(1)
501,H4N,C6N,C5H,Si1H,0
502,H4N,C6N,C5H,C6H,140
503,H4N,C6N,C5H,C6J,-101
504,H4N,C6N,C5H,C6L,-180
505,C8N,C6N,C5H,Si1H,-180
506,C8N,C6N,C5H,C6H,-40
507,C8N,C6N,C5H,C6J,79
508,C8N,C6N,C5H,C6L,0
509,H6N,C8N,C7H,H5H,0
510,H6N,C8N,C7H,C8J,103
511,H6N,C8N,C7H,C8L,-180
512,H6N,C8N,C7H,C8H,-142
513,C6N,C8N,C7H,H5H,-180
514,C6N,C8N,C7H,C8J,-77
515,C6N,C8N,C7H,C8L,0
516,C6N,C8N,C7H,C8H,38
517,C4O,O1O,Si1I,O1I,-164.4
518,C4O,O1O,Si1I,C5I,93.2
519,C4O,O1O,Si1I,O1K,-10.1
520,C4O,O1O,Si1I,O1M,-87
521,C3O,C2O,C2K,C1K,177(1)
522,C3O,C2O,C2K,C3K,0(2)
523,C1G,C2O,C2K,C1K,0(2)
524,C1G,C2O,C2K,C3K,-177(1)
525,H3O,C3O,C2O,C2K,175
526,H3O,C3O,C2O,C1G,-8
527,C4O,C3O,C2O,C2K,-5(2)
528,C4O,C3O,C2O,C1G,172.0(9)
529,O1O,C4O,C4K,O1K,-0(1)
530,O1O,C4O,C4K,C3K,-178.1(8)
531,C3O,C4O,C4K,O1K,178.1(8)
532,C3O,C4O,C4K,C3K,0(1)
533,H4O,C6O,C5I,Si1I,0
534,H4O,C6O,C5I,C6I,-101
535,H4O,C6O,C5I,C6K,140
536,H4O,C6O,C5I,C6M,-180
537,C8O,C6O,C5I,Si1I,-180
538,C8O,C6O,C5I,C6I,79
539,C8O,C6O,C5I,C6K,-40
540,C8O,C6O,C5I,C6M,0
541,H6O,C8O,C7I,H5I,0
542,H6O,C8O,C7I,C8K,-142
543,H6O,C8O,C7I,C8M,-180
544,H6O,C8O,C7I,C8I,103
545,C6O,C8O,C7I,H5I,-180
546,C6O,C8O,C7I,C8K,38
547,C6O,C8O,C7I,C8M,0
548,C6O,C8O,C7I,C8I,-77
549,C5E,Si1E,O1Q,C4Q,93.2
550,O1S,Si1E,O1Q,C4Q,-87
551,O1E,Si1E,O1Q,C4Q,-10.1
552,O1G,Si1E,O1Q,C4Q,-164.4
553,Si1E,O1Q,C4Q,C3Q,-170.1
554,Si1E,O1Q,C4Q,C4E,7.7
555,C3Q,C2Q,C1B,H1B,35
556,C3Q,C2Q,C1B,H2B,152.2
557,C3Q,C2Q,C1B,C2B,-86(1)
558,C2E,C2Q,C1B,H1B,-148
559,C2E,C2Q,C1B,H2B,-31
560,C2E,C2Q,C1B,C2B,91(1)
561,H3Q,C3Q,C2Q,C1B,-8
562,H3Q,C3Q,C2Q,C2E,175
563,C4Q,C3Q,C2Q,C1B,172.0(9)
564,C4Q,C3Q,C2Q,C2E,-5(2)
565,O1Q,C4Q,C3Q,C2Q,-177.4(9)
566,O1Q,C4Q,C3Q,H3Q,3
567,C4E,C4Q,C3Q,C2Q,5(1)
568,C4E,C4Q,C3Q,H3Q,-175.1
569,C6Q,C5E,Si1E,O1Q,22
570,C6Q,C5E,Si1E,O1S,-158
571,C6Q,C5E,Si1E,O1E,114
572,C6Q,C5E,Si1E,O1G,-66
573,C6S,C5E,Si1E,O1Q,-158
574,C6S,C5E,Si1E,O1S,22
575,C6S,C5E,Si1E,O1E,-66
576,C6S,C5E,Si1E,O1G,114
577,C6E,C5E,Si1E,O1Q,-114
578,C6E,C5E,Si1E,O1S,66
579,C6E,C5E,Si1E,O1E,-22
580,C6E,C5E,Si1E,O1G,158
581,C6G,C5E,Si1E,O1Q,66
582,C6G,C5E,Si1E,O1S,-114
583,C6G,C5E,Si1E,O1E,158
584,C6G,C5E,Si1E,O1G,-22
585,H4Q,C6Q,C5E,Si1E,0
586,H4Q,C6Q,C5E,C6S,-180
587,H4Q,C6Q,C5E,C6E,140
588,H4Q,C6Q,C5E,C6G,-101
589,C8Q,C6Q,C5E,Si1E,-180
590,C8Q,C6Q,C5E,C6S,0
591,C8Q,C6Q,C5E,C6E,-40
592,C8Q,C6Q,C5E,C6G,79
593,H6Q,C8Q,C6Q,C5E,179
594,H6Q,C8Q,C6Q,H4Q,-0
595,C7E,C8Q,C6Q,C5E,-0
596,C7E,C8Q,C6Q,H4Q,180
597,C4R,O1R,Si1D,O1P,-87
598,C4R,O1R,Si1D,C5D,93.2
599,C4R,O1R,Si1D,O1D,-10.1
600,C4R,O1R,Si1D,O1F,-164.4
601,C3R,C2R,C2D,C1D,177(1)
602,C3R,C2R,C2D,C3D,0(2)
603,C1A,C2R,C2D,C1D,-0(2)
604,C1A,C2R,C2D,C3D,-177(1)
605,H3R,C3R,C2R,C2D,175
606,H3R,C3R,C2R,C1A,-8
607,C4R,C3R,C2R,C2D,-5(2)
608,C4R,C3R,C2R,C1A,172.0(9)
609,O1R,C4R,C4D,O1D,-0(1)
610,O1R,C4R,C4D,C3D,-178.1(8)
611,C3R,C4R,C4D,O1D,178.1(8)
612,C3R,C4R,C4D,C3D,0(1)
613,H4R,C6R,C5D,Si1D,0
614,H4R,C6R,C5D,C6P,-180
615,H4R,C6R,C5D,C6D,140
616,H4R,C6R,C5D,C6F,-101
617,C8R,C6R,C5D,Si1D,-180
618,C8R,C6R,C5D,C6P,0
619,C8R,C6R,C5D,C6D,-40
620,C8R,C6R,C5D,C6F,79
621,H6R,C8R,C7D,H5D,0
622,H6R,C8R,C7D,C8D,-142
623,H6R,C8R,C7D,C8F,103
624,H6R,C8R,C7D,C8P,-180
625,C6R,C8R,C7D,H5D,-180
626,C6R,C8R,C7D,C8D,38
627,C6R,C8R,C7D,C8F,-77
628,C6R,C8R,C7D,C8P,0
629,C4S,O1S,Si1E,O1Q,-87
630,C4S,O1S,Si1E,C5E,93.2
631,C4S,O1S,Si1E,O1E,-164.4
632,C4S,O1S,Si1E,O1G,-10.1
633,C3S,C2S,C1C,H1C,35
634,C3S,C2S,C1C,H2C,152.2
635,C3S,C2S,C1C,C2C,-86(1)
636,C2G,C2S,C1C,H1C,-148
637,C2G,C2S,C1C,H2C,-31
638,C2G,C2S,C1C,C2C,91(1)
639,H3S,C3S,C2S,C1C,-8
640,H3S,C3S,C2S,C2G,175
641,C4S,C3S,C2S,C1C,172.0(9)
642,C4S,C3S,C2S,C2G,-5(2)
643,C4G,C4S,O1S,Si1E,7.7
644,C3S,C4S,O1S,Si1E,-170.1
645,H4S,C6S,C5E,Si1E,0
646,H4S,C6S,C5E,C6Q,-180
647,H4S,C6S,C5E,C6E,-101
648,H4S,C6S,C5E,C6G,140
649,C8S,C6S,C5E,Si1E,-180
650,C8S,C6S,C5E,C6Q,0
651,C8S,C6S,C5E,C6E,79
652,C8S,C6S,C5E,C6G,-40
653,H6S,C8S,C7E,H5E,0
654,H6S,C8S,C7E,C8E,103
655,H6S,C8S,C7E,C8G,-142
656,H6S,C8S,C7E,C8Q,-180
657,C6S,C8S,C7E,H5E,-180
658,C6S,C8S,C7E,C8E,-77
659,C6S,C8S,C7E,C8G,38
660,C6S,C8S,C7E,C8Q,0
661,C5A,Si1A,O1A,C4A,-93.2
662,O1C,Si1A,O1A,C4A,87
663,O1U,Si1A,O1A,C4A,10.1
664,O1W,Si1A,O1A,C4A,164.4
665,Si1A,O1A,C4A,C3A,170.1
666,Si1A,O1A,C4A,C4U,-7.7
667,C3A,C2A,C1A,H1A,-35
668,C3A,C2A,C1A,H2A,-152.2
669,C3A,C2A,C1A,C2R,86(1)
670,C2U,C2A,C1A,H1A,148
671,C2U,C2A,C1A,H2A,31
672,C2U,C2A,C1A,C2R,-91(1)
673,H3A,C3A,C2A,C1A,8
674,H3A,C3A,C2A,C2U,-175
675,C4A,C3A,C2A,C1A,-172.0(9)
676,C4A,C3A,C2A,C2U,5(2)
677,O1A,C4A,C3A,C2A,177.4(9)
678,O1A,C4A,C3A,H3A,-3
679,C4U,C4A,C3A,C2A,-5(1)
680,C4U,C4A,C3A,H3A,175.1
681,C6A,C5A,Si1A,O1A,-22
682,C6A,C5A,Si1A,O1C,158
683,C6A,C5A,Si1A,O1U,-114
684,C6A,C5A,Si1A,O1W,66
685,C6C,C5A,Si1A,O1A,158
686,C6C,C5A,Si1A,O1C,-22
687,C6C,C5A,Si1A,O1U,66
688,C6C,C5A,Si1A,O1W,-114
689,C6U,C5A,Si1A,O1A,114
690,C6U,C5A,Si1A,O1C,-66
691,C6U,C5A,Si1A,O1U,22
692,C6U,C5A,Si1A,O1W,-158
693,C6W,C5A,Si1A,O1A,-66
694,C6W,C5A,Si1A,O1C,114
695,C6W,C5A,Si1A,O1U,-158
696,C6W,C5A,Si1A,O1W,22
697,H4A,C6A,C5A,Si1A,-0
698,H4A,C6A,C5A,C6C,180
699,H4A,C6A,C5A,C6U,-140
700,H4A,C6A,C5A,C6W,101
701,C8A,C6A,C5A,Si1A,180
702,C8A,C6A,C5A,C6C,-0
703,C8A,C6A,C5A,C6U,40
704,C8A,C6A,C5A,C6W,-79
705,H6A,C8A,C6A,C5A,-179
706,H6A,C8A,C6A,H4A,0
707,C7A,C8A,C6A,C5A,0
708,C7A,C8A,C6A,H4A,-180
709,C4C,O1C,Si1A,O1A,87
710,C4C,O1C,Si1A,C5A,-93.2
711,C4C,O1C,Si1A,O1U,164.4
712,C4C,O1C,Si1A,O1W,10.1
713,C3C,C2C,C1C,H1C,-35
714,C3C,C2C,C1C,H2C,-152.2
715,C3C,C2C,C1C,C2S,86(1)
716,C2W,C2C,C1C,H1C,148
717,C2W,C2C,C1C,H2C,31
718,C2W,C2C,C1C,C2S,-91(1)
719,H3C,C3C,C2C,C1C,8
720,H3C,C3C,C2C,C2W,-175
721,C4C,C3C,C2C,C1C,-172.0(9)
722,C4C,C3C,C2C,C2W,5(2)
723,C4W,C4C,O1C,Si1A,-7.7
724,C3C,C4C,O1C,Si1A,170.1
725,H4C,C6C,C5A,Si1A,-0
726,H4C,C6C,C5A,C6A,180
727,H4C,C6C,C5A,C6U,101
728,H4C,C6C,C5A,C6W,-140
729,C8C,C6C,C5A,Si1A,180
730,C8C,C6C,C5A,C6A,-0
731,C8C,C6C,C5A,C6U,-79
732,C8C,C6C,C5A,C6W,40
733,H6C,C8C,C7A,H5A,-0
734,H6C,C8C,C7A,C8U,-103
735,H6C,C8C,C7A,C8W,142
736,H6C,C8C,C7A,C8A,180
737,C6C,C8C,C7A,H5A,180
738,C6C,C8C,C7A,C8U,77
739,C6C,C8C,C7A,C8W,-38
740,C6C,C8C,C7A,C8A,-0
741,C4E,O1E,Si1E,O1Q,10.1
742,C4E,O1E,Si1E,C5E,-93.2
743,C4E,O1E,Si1E,O1S,164.4
744,C4E,O1E,Si1E,O1G,87
745,C3E,C2E,C1E,H1E,-35
746,C3E,C2E,C1E,H2E,-152.2
747,C3E,C2E,C1E,C2N,86(1)
748,C2Q,C2E,C1E,H1E,148
749,C2Q,C2E,C1E,H2E,31
750,C2Q,C2E,C1E,C2N,-91(1)
751,H3E,C3E,C2E,C1E,8
752,H3E,C3E,C2E,C2Q,-175
753,C4E,C3E,C2E,C1E,-172.0(9)
754,C4E,C3E,C2E,C2Q,5(2)
755,O1E,C4E,C4Q,O1Q,0(1)
756,O1E,C4E,C4Q,C3Q,178.1(8)
757,C3E,C4E,C4Q,O1Q,-178.1(8)
758,C3E,C4E,C4Q,C3Q,0(1)
759,H4E,C6E,C5E,Si1E,-0
760,H4E,C6E,C5E,C6Q,-140
761,H4E,C6E,C5E,C6S,101
762,H4E,C6E,C5E,C6G,180
763,C8E,C6E,C5E,Si1E,180
764,C8E,C6E,C5E,C6Q,40
765,C8E,C6E,C5E,C6S,-79
766,C8E,C6E,C5E,C6G,-0
767,H6E,C8E,C7E,H5E,-0
768,H6E,C8E,C7E,C8S,-103
769,H6E,C8E,C7E,C8G,180
770,H6E,C8E,C7E,C8Q,142
771,C6E,C8E,C7E,H5E,180
772,C6E,C8E,C7E,C8S,77
773,C6E,C8E,C7E,C8G,-0
774,C6E,C8E,C7E,C8Q,-38
775,C4G,O1G,Si1E,O1Q,164.4
776,C4G,O1G,Si1E,C5E,-93.2
777,C4G,O1G,Si1E,O1S,10.1
778,C4G,O1G,Si1E,O1E,87
779,C3G,C2G,C1G,H1G,-35
780,C3G,C2G,C1G,H2G,-152.2
781,C3G,C2G,C1G,C2O,86(1)
782,C2S,C2G,C1G,H1G,148
783,C2S,C2G,C1G,H2G,31
784,C2S,C2G,C1G,C2O,-91(1)
785,H3G,C3G,C2G,C1G,8
786,H3G,C3G,C2G,C2S,-175
787,C4G,C3G,C2G,C1G,-172.0(9)
788,C4G,C3G,C2G,C2S,5(2)
789,O1G,C4G,C4S,O1S,-0(1)
790,O1G,C4G,C4S,C3S,178.1(8)
791,C3G,C4G,C4S,O1S,-178.1(8)
792,C3G,C4G,C4S,C3S,0(1)
793,H4G,C6G,C5E,Si1E,-0
794,H4G,C6G,C5E,C6Q,101
795,H4G,C6G,C5E,C6S,-140
796,H4G,C6G,C5E,C6E,180
797,C8G,C6G,C5E,Si1E,180
798,C8G,C6G,C5E,C6Q,-79
799,C8G,C6G,C5E,C6S,40
800,C8G,C6G,C5E,C6E,-0
801,H6G,C8G,C7E,H5E,-0
802,H6G,C8G,C7E,C8S,142
803,H6G,C8G,C7E,C8E,180
804,H6G,C8G,C7E,C8Q,-103
805,C6G,C8G,C7E,H5E,180
806,C6G,C8G,C7E,C8S,-38
807,C6G,C8G,C7E,C8E,-0
808,C6G,C8G,C7E,C8Q,77
809,C4U,O1U,Si1A,O1A,-10.1
810,C4U,O1U,Si1A,C5A,93.2
811,C4U,O1U,Si1A,O1C,-164.4
812,C4U,O1U,Si1A,O1W,-87
813,C3U,C2U,C1J,H1J,35
814,C3U,C2U,C1J,H2J,152.2
815,C3U,C2U,C1J,C2J,-86(1)
816,C2A,C2U,C1J,H1J,-148
817,C2A,C2U,C1J,H2J,-31
818,C2A,C2U,C1J,C2J,91(1)
819,H3U,C3U,C2U,C1J,-8
820,H3U,C3U,C2U,C2A,175
821,C4U,C3U,C2U,C1J,172.0(9)
822,C4U,C3U,C2U,C2A,-5(2)
823,O1U,C4U,C4A,O1A,0(1)
824,O1U,C4U,C4A,C3A,-178.1(8)
825,C3U,C4U,C4A,O1A,178.1(8)
826,C3U,C4U,C4A,C3A,0(1)
827,H4U,C6U,C5A,Si1A,0
828,H4U,C6U,C5A,C6A,140
829,H4U,C6U,C5A,C6C,-101
830,H4U,C6U,C5A,C6W,-180
831,C8U,C6U,C5A,Si1A,-180
832,C8U,C6U,C5A,C6A,-40
833,C8U,C6U,C5A,C6C,79
834,C8U,C6U,C5A,C6W,0
835,H6U,C8U,C7A,H5A,0
836,H6U,C8U,C7A,C8C,103
837,H6U,C8U,C7A,C8W,-180
838,H6U,C8U,C7A,C8A,-142
839,C6U,C8U,C7A,H5A,-180
840,C6U,C8U,C7A,C8C,-77
841,C6U,C8U,C7A,C8W,0
842,C6U,C8U,C7A,C8A,38
843,C4W,O1W,Si1A,O1A,-164.4
844,C4W,O1W,Si1A,C5A,93.2
845,C4W,O1W,Si1A,O1C,-10.1
846,C4W,O1W,Si1A,O1U,-87
847,C3W,C2W,C1K,H1K,35
848,C3W,C2W,C1K,H2K,152.2
849,C3W,C2W,C1K,C2K,-86(1)
850,C2C,C2W,C1K,H1K,-148
851,C2C,C2W,C1K,H2K,-31
852,C2C,C2W,C1K,C2K,91(1)
853,H3W,C3W,C2W,C1K,-8
854,H3W,C3W,C2W,C2C,175
855,C4W,C3W,C2W,C1K,172.0(9)
856,C4W,C3W,C2W,C2C,-5(2)
857,O1W,C4W,C4C,O1C,0(1)
858,O1W,C4W,C4C,C3C,-178.1(8)
859,C3W,C4W,C4C,O1C,178.1(8)
860,C3W,C4W,C4C,C3C,-0(1)
861,H4W,C6W,C5A,Si1A,0
862,H4W,C6W,C5A,C6A,-101
863,H4W,C6W,C5A,C6C,140
864,H4W,C6W,C5A,C6U,-180
865,C8W,C6W,C5A,Si1A,-180
866,C8W,C6W,C5A,C6A,79
867,C8W,C6W,C5A,C6C,-40
868,C8W,C6W,C5A,C6U,0
869,H6W,C8W,C7A,H5A,0
870,H6W,C8W,C7A,C8C,-142
871,H6W,C8W,C7A,C8U,-180
872,H6W,C8W,C7A,C8A,103
873,C6W,C8W,C7A,H5A,-180
874,C6W,C8W,C7A,C8C,38
875,C6W,C8W,C7A,C8U,0
876,C6W,C8W,C7A,C8A,-77
877,H5,C7,C8,C6,180
878,H5,C7,C8,H6,-0
879,C8B,C7,C8,C6,-0
880,C8B,C7,C8,H6,180
881,C8T,C7,C8,C6,77
882,C8T,C7,C8,H6,-103
883,C8V,C7,C8,C6,-38
884,C8V,C7,C8,H6,142
885,C2B,C3B,C4B,O1B,177.4(9)
886,C2B,C3B,C4B,C4T,-5(1)
887,H3B,C3B,C4B,O1B,-3
888,H3B,C3B,C4B,C4T,175.1
889,C5,C6B,C8B,C7,0
890,C5,C6B,C8B,H6B,-179
891,H4B,C6B,C8B,C7,-180
892,H4B,C6B,C8B,H6B,0
893,H5D,C7D,C8P,C6P,-180
894,H5D,C7D,C8P,H6P,0
895,C8D,C7D,C8P,C6P,-77
896,C8D,C7D,C8P,H6P,103
897,C8F,C7D,C8P,C6P,38
898,C8F,C7D,C8P,H6P,-142
899,C8R,C7D,C8P,C6P,0
900,C8R,C7D,C8P,H6P,-180
901,Si1,O1T,C4T,C4B,7.7
902,Si1,O1T,C4T,C3T,-170.1
903,H1H,C1H,C2T,C2B,-148
904,H1H,C1H,C2T,C3T,35
905,H2H,C1H,C2T,C2B,-31
906,H2H,C1H,C2T,C3T,152.2
907,C2H,C1H,C2T,C2B,91(1)
908,C2H,C1H,C2T,C3T,-86(1)
909,C2T,C3T,C4T,C4B,5(1)
910,C2T,C3T,C4T,O1T,-177.4(9)
911,H3T,C3T,C4T,C4B,-175.1
912,H3T,C3T,C4T,O1T,3
913,C5,C6T,C8T,C7,-0
914,C5,C6T,C8T,H6T,179
915,H4T,C6T,C8T,C7,180
916,H4T,C6T,C8T,H6T,-0
917,Si1,O1V,C4V,C4,7.7
918,Si1,O1V,C4V,C3V,-170.1
919,H1I,C1I,C2V,C2,-148
920,H1I,C1I,C2V,C3V,35
921,H2I,C1I,C2V,C2,-31
922,H2I,C1I,C2V,C3V,152.2
923,C2I,C1I,C2V,C2,91(1)
924,C2I,C1I,C2V,C3V,-86(1)
925,C2V,C3V,C4V,C4,5(1)
926,C2V,C3V,C4V,O1V,-177.4(9)
927,H3V,C3V,C4V,C4,-175.1
928,H3V,C3V,C4V,O1V,3
929,C5,C6V,C8V,C7,-0
930,C5,C6V,C8V,H6V,179
931,H4V,C6V,C8V,C7,180
932,H4V,C6V,C8V,H6V,-0
933,C2D,C3D,C4D,O1D,177.4(9)
934,C2D,C3D,C4D,C4R,-5(1)
935,H3D,C3D,C4D,O1D,-3
936,H3D,C3D,C4D,C4R,175.1
937,C5D,C6D,C8D,C7D,0
938,C5D,C6D,C8D,H6D,-179
939,H4D,C6D,C8D,C7D,-180
940,H4D,C6D,C8D,H6D,0
941,Si1D,O1F,C4F,C4P,-7.7
942,Si1D,O1F,C4F,C3F,170.1
943,H1F,C1F,C2F,C2P,148
944,H1F,C1F,C2F,C3F,-35
945,H2F,C1F,C2F,C2P,31
946,H2F,C1F,C2F,C3F,-152.2
947,C2M,C1F,C2F,C2P,-91(1)
948,C2M,C1F,C2F,C3F,86(1)
949,C2F,C3F,C4F,C4P,-5(1)
950,C2F,C3F,C4F,O1F,177.4(9)
951,H3F,C3F,C4F,C4P,175.1
952,H3F,C3F,C4F,O1F,-3
953,C5D,C6F,C8F,C7D,0
954,C5D,C6F,C8F,H6F,-179
955,H4F,C6F,C8F,C7D,-180
956,H4F,C6F,C8F,H6F,0
957,H5H,C7H,C8H,C6H,180
958,H5H,C7H,C8H,H6H,-0
959,C8J,C7H,C8H,C6H,-0
960,C8J,C7H,C8H,H6H,180
961,C8L,C7H,C8H,C6H,77
962,C8L,C7H,C8H,H6H,-103
963,C8N,C7H,C8H,C6H,-38
964,C8N,C7H,C8H,H6H,142
965,C1I,C2I,C2M,C1F,0(2)
966,C1I,C2I,C2M,C3M,177(1)
967,C3I,C2I,C2M,C1F,-177(1)
968,C3I,C2I,C2M,C3M,0(2)
969,H5I,C7I,C8I,C6I,180
970,H5I,C7I,C8I,H6I,-0
971,C8K,C7I,C8I,C6I,-0
972,C8K,C7I,C8I,H6I,180
973,C8M,C7I,C8I,C6I,-38
974,C8M,C7I,C8I,H6I,142
975,C8O,C7I,C8I,C6I,77
976,C8O,C7I,C8I,H6I,-103
977,C1J,C2J,C2L,C1D,0(2)
978,C1J,C2J,C2L,C3L,177(1)
979,C3J,C2J,C2L,C1D,-177(1)
980,C3J,C2J,C2L,C3L,-0(2)
981,C2J,C3J,C4J,O1J,177.4(9)
982,C2J,C3J,C4J,C4L,-5(1)
983,H3J,C3J,C4J,O1J,-3
984,H3J,C3J,C4J,C4L,175.1
985,C5H,C6J,C8J,C7H,0
986,C5H,C6J,C8J,H6J,-179
987,H4J,C6J,C8J,C7H,-180
988,H4J,C6J,C8J,H6J,0
989,C2K,C3K,C4K,O1K,177.4(9)
990,C2K,C3K,C4K,C4O,-5(1)
991,H3K,C3K,C4K,O1K,-3
992,H3K,C3K,C4K,C4O,175.1
993,C5I,C6K,C8K,C7I,0
994,C5I,C6K,C8K,H6K,-179
995,H4K,C6K,C8K,C7I,-180
996,H4K,C6K,C8K,H6K,0
997,Si1H,O1L,C4L,C4J,7.7
998,Si1H,O1L,C4L,C3L,-170.1
999,C2L,C3L,C4L,C4J,5(1)
1000,C2L,C3L,C4L,O1L,-177.4(9)
1001,H3L,C3L,C4L,C4J,-175.1
1002,H3L,C3L,C4L,O1L,3
1003,C5H,C6L,C8L,C7H,-0
1004,C5H,C6L,C8L,H6L,179
1005,H4L,C6L,C8L,C7H,180
1006,H4L,C6L,C8L,H6L,-0
1007,Si1I,O1M,C4M,C4I,7.7
1008,Si1I,O1M,C4M,C3M,-170.1
1009,C2M,C3M,C4M,C4I,5(1)
1010,C2M,C3M,C4M,O1M,-177.4(9)
1011,H3M,C3M,C4M,C4I,-175.1
1012,H3M,C3M,C4M,O1M,3
1013,C5I,C6M,C8M,C7I,-0
1014,C5I,C6M,C8M,H6M,179
1015,H4M,C6M,C8M,C7I,180
1016,H4M,C6M,C8M,H6M,-0
1017,Si1H,O1N,C4N,C4H,7.7
1018,Si1H,O1N,C4N,C3N,-170.1
1019,H1E,C1E,C2N,C2H,-148
1020,H1E,C1E,C2N,C3N,35
1021,H2E,C1E,C2N,C2H,-31
1022,H2E,C1E,C2N,C3N,152.2
1023,C2E,C1E,C2N,C2H,91(1)
1024,C2E,C1E,C2N,C3N,-86(1)
1025,C2N,C3N,C4N,C4H,5(1)
1026,C2N,C3N,C4N,O1N,-177.4(9)
1027,H3N,C3N,C4N,C4H,-175.1
1028,H3N,C3N,C4N,O1N,3
1029,C5H,C6N,C8N,C7H,-0
1030,C5H,C6N,C8N,H6N,179
1031,H4N,C6N,C8N,C7H,180
1032,H4N,C6N,C8N,H6N,-0
1033,Si1I,O1O,C4O,C4K,7.7
1034,Si1I,O1O,C4O,C3O,-170.1
1035,H1G,C1G,C2O,C2K,-148
1036,H1G,C1G,C2O,C3O,35
1037,H2G,C1G,C2O,C2K,-31
1038,H2G,C1G,C2O,C3O,152.2
1039,C2G,C1G,C2O,C2K,91(1)
1040,C2G,C1G,C2O,C3O,-86(1)
1041,C2O,C3O,C4O,C4K,5(1)
1042,C2O,C3O,C4O,O1O,-177.4(9)
1043,H3O,C3O,C4O,C4K,-175.1
1044,H3O,C3O,C4O,O1O,3
1045,C5I,C6O,C8O,C7I,-0
1046,C5I,C6O,C8O,H6O,179
1047,H4O,C6O,C8O,C7I,180
1048,H4O,C6O,C8O,H6O,-0
1049,C1B,C2Q,C2E,C1E,0(2)
1050,C1B,C2Q,C2E,C3E,-177(1)
1051,C3Q,C2Q,C2E,C1E,177(1)
1052,C3Q,C2Q,C2E,C3E,0(2)
1053,H5E,C7E,C8Q,C6Q,-180
1054,H5E,C7E,C8Q,H6Q,0
1055,C8S,C7E,C8Q,C6Q,0
1056,C8S,C7E,C8Q,H6Q,-180
1057,C8E,C7E,C8Q,C6Q,38
1058,C8E,C7E,C8Q,H6Q,-142
1059,C8G,C7E,C8Q,C6Q,-77
1060,C8G,C7E,C8Q,H6Q,103
1061,Si1D,O1R,C4R,C4D,7.7
1062,Si1D,O1R,C4R,C3R,-170.1
1063,H1A,C1A,C2R,C2D,-148
1064,H1A,C1A,C2R,C3R,35
1065,H2A,C1A,C2R,C2D,-31
1066,H2A,C1A,C2R,C3R,152.2
1067,C2A,C1A,C2R,C2D,91(1)
1068,C2A,C1A,C2R,C3R,-86(1)
1069,C2R,C3R,C4R,C4D,5(1)
1070,C2R,C3R,C4R,O1R,-177.4(9)
1071,H3R,C3R,C4R,C4D,-175.1
1072,H3R,C3R,C4R,O1R,3
1073,C5D,C6R,C8R,C7D,-0
1074,C5D,C6R,C8R,H6R,179
1075,H4R,C6R,C8R,C7D,180
1076,H4R,C6R,C8R,H6R,-0
1077,C1C,C2S,C2G,C1G,0(2)
1078,C1C,C2S,C2G,C3G,-177(1)
1079,C3S,C2S,C2G,C1G,177(1)
1080,C3S,C2S,C2G,C3G,0(2)
1081,C2S,C3S,C4S,O1S,-177.4(9)
1082,C2S,C3S,C4S,C4G,5(1)
1083,H3S,C3S,C4S,O1S,3
1084,H3S,C3S,C4S,C4G,-175.1
1085,C5E,C6S,C8S,C7E,-0
1086,C5E,C6S,C8S,H6S,179
1087,H4S,C6S,C8S,C7E,180
1088,H4S,C6S,C8S,H6S,-0
1089,C1A,C2A,C2U,C1J,0(2)
1090,C1A,C2A,C2U,C3U,177(1)
1091,C3A,C2A,C2U,C1J,-177(1)
1092,C3A,C2A,C2U,C3U,0(2)
1093,H5A,C7A,C8A,C6A,180
1094,H5A,C7A,C8A,H6A,-0
1095,C8C,C7A,C8A,C6A,-0
1096,C8C,C7A,C8A,H6A,180
1097,C8U,C7A,C8A,C6A,-38
1098,C8U,C7A,C8A,H6A,142
1099,C8W,C7A,C8A,C6A,77
1100,C8W,C7A,C8A,H6A,-103
1101,C1C,C2C,C2W,C1K,0(2)
1102,C1C,C2C,C2W,C3W,177(1)
1103,C3C,C2C,C2W,C1K,-177(1)
1104,C3C,C2C,C2W,C3W,-0(2)
1105,C2C,C3C,C4C,O1C,177.4(9)
1106,C2C,C3C,C4C,C4W,-5(1)
1107,H3C,C3C,C4C,O1C,-3
1108,H3C,C3C,C4C,C4W,175.1
1109,C5A,C6C,C8C,C7A,0
1110,C5A,C6C,C8C,H6C,-179
1111,H4C,C6C,C8C,C7A,-180
1112,H4C,C6C,C8C,H6C,0
1113,Si1E,O1E,C4E,C4Q,-7.7
1114,Si1E,O1E,C4E,C3E,170.1
1115,C2E,C3E,C4E,C4Q,-5(1)
1116,C2E,C3E,C4E,O1E,177.4(9)
1117,H3E,C3E,C4E,C4Q,175.1
1118,H3E,C3E,C4E,O1E,-3
1119,C5E,C6E,C8E,C7E,0
1120,C5E,C6E,C8E,H6E,-179
1121,H4E,C6E,C8E,C7E,-180
1122,H4E,C6E,C8E,H6E,0
1123,Si1E,O1G,C4G,C4S,-7.7
1124,Si1E,O1G,C4G,C3G,170.1
1125,C2G,C3G,C4G,C4S,-5(1)
1126,C2G,C3G,C4G,O1G,177.4(9)
1127,H3G,C3G,C4G,C4S,175.1
1128,H3G,C3G,C4G,O1G,-3
1129,C5E,C6G,C8G,C7E,0
1130,C5E,C6G,C8G,H6G,-179
1131,H4G,C6G,C8G,C7E,-180
1132,H4G,C6G,C8G,H6G,0
1133,Si1A,O1U,C4U,C4A,7.7
1134,Si1A,O1U,C4U,C3U,-170.1
1135,C2U,C3U,C4U,C4A,5(1)
1136,C2U,C3U,C4U,O1U,-177.4(9)
1137,H3U,C3U,C4U,C4A,-175.1
1138,H3U,C3U,C4U,O1U,3
1139,C5A,C6U,C8U,C7A,-0
1140,C5A,C6U,C8U,H6U,179
1141,H4U,C6U,C8U,C7A,180
1142,H4U,C6U,C8U,H6U,-0
1143,Si1A,O1W,C4W,C4C,7.7
1144,Si1A,O1W,C4W,C3W,-170.1
1145,C2W,C3W,C4W,C4C,5(1)
1146,C2W,C3W,C4W,O1W,-177.4(9)
1147,H3W,C3W,C4W,C4C,-175.1
1148,H3W,C3W,C4W,O1W,3
1149,C5A,C6W,C8W,C7A,-0
1150,C5A,C6W,C8W,H6W,179
1151,H4W,C6W,C8W,C7A,180
1152,H4W,C6W,C8W,H6W,-0
